source,target,value
Dajjalsystem,KarimaB_,36
Dajjalsystem,Linformatrice,36
Dajjalsystem,opFethi,36
Dajjalsystem,Alkanz,36
Dajjalsystem,NataliaGGarcia5,36
Dajjalsystem,Campagnebds,36
Dajjalsystem,s_assbague,36
Dajjalsystem,ybenderbal,36
Dajjalsystem,MadjidFalastine,36
Dajjalsystem,YASMINAREBEL,36
ahenjar,KarimaB_,840
ahenjar,Linformatrice,840
ahenjar,opFethi,840
ahenjar,Alkanz,840
ahenjar,Campagnebds,840
ahenjar,s_assbague,840
ahenjar,pauldraszen,840
ahenjar,MadjidFalastine,840
ahenjar,YASMINAREBEL,840
amilcarhanniba1,opFethi,1919
amilcarhanniba1,Mrelguevara,1919
amilcarhanniba1,RafikBiff,1919
amilcarhanniba1,yanisssou,1919
amilcarhanniba1,Campagnebds,1919
amilcarhanniba1,LILTIKKIB,1919
amilcarhanniba1,ybenderbal,1919
amilcarhanniba1,Barakacity,1919
AgatheNRV,opFethi,560
AgatheNRV,Alkanz,560
AgatheNRV,Campagnebds,560
AgatheNRV,s_assbague,560
AgatheNRV,ybenderbal,560
AgatheNRV,pauldraszen,560
AgatheNRV,MadjidFalastine,560
AgatheNRV,YASMINAREBEL,560
NataliaGGarcia5,Dajjalsystem,13
NataliaGGarcia5,Alkanz,13
NataliaGGarcia5,Campagnebds,13
NataliaGGarcia5,YASMINAREBEL,13
LILTIKKIB,KarimaB_,926
LILTIKKIB,keyzer_usual,926
LILTIKKIB,Linformatrice,926
LILTIKKIB,opFethi,926
LILTIKKIB,oxymorus,926
LILTIKKIB,Alkanz,926
LILTIKKIB,amilcarhanniba1,926
LILTIKKIB,yanisssou,926
LILTIKKIB,Campagnebds,926
LILTIKKIB,s_assbague,926
LILTIKKIB,ybenderbal,926
LILTIKKIB,Barakacity,926
yanisssou,KarimaB_,130
yanisssou,Linformatrice,130
yanisssou,opFethi,130
yanisssou,Alkanz,130
yanisssou,RafikBiff,130
yanisssou,amilcarhanniba1,130
yanisssou,Campagnebds,130
yanisssou,s_assbague,130
yanisssou,LILTIKKIB,130
yanisssou,ybenderbal,130
yanisssou,pauldraszen,130
yanisssou,MadjidFalastine,130
yanisssou,Barakacity,130
mouadibun,keyzer_usual,369
mouadibun,Linformatrice,369
mouadibun,opFethi,369
mouadibun,oxymorus,369
mouadibun,Alkanz,369
mouadibun,ahenjar,369
mouadibun,Campagnebds,369
mouadibun,s_assbague,369
mouadibun,pauldraszen,369
mouadibun,MadjidFalastine,369
mouadibun,Barakacity,369
mouadibun,YASMINAREBEL,369
Mrelguevara,FinDesTemps,89
blabalade,Campagnebds,4502
fredussart,BenLevyCohen,1002
fredussart,EladRatson,1002
fredussart,jeremo12,1002
RafikBiff,KarimaB_,539
RafikBiff,Linformatrice,539
RafikBiff,opFethi,539
RafikBiff,Alkanz,539
RafikBiff,amilcarhanniba1,539
RafikBiff,Campagnebds,539
RafikBiff,ybenderbal,539
RafikBiff,Barakacity,539
opFethi,KarimaB_,1344
opFethi,keyzer_usual,1344
opFethi,Dajjalsystem,1344
opFethi,Linformatrice,1344
opFethi,mouadibun,1344
opFethi,Alkanz,1344
opFethi,ahenjar,1344
opFethi,RafikBiff,1344
opFethi,amilcarhanniba1,1344
opFethi,yanisssou,1344
opFethi,LILTIKKIB,1344
opFethi,ybenderbal,1344
opFethi,MadjidFalastine,1344
BenLevyCohen,fredussart,2206
BenLevyCohen,EladRatson,2206
BenLevyCohen,jeremo12,2206
ybenderbal,KarimaB_,12594
ybenderbal,Linformatrice,12594
ybenderbal,opFethi,12594
ybenderbal,RafikBiff,12594
ybenderbal,amilcarhanniba1,12594
ybenderbal,yanisssou,12594
ybenderbal,Campagnebds,12594
ybenderbal,s_assbague,12594
ybenderbal,LILTIKKIB,12594
ybenderbal,pauldraszen,12594
ybenderbal,MadjidFalastine,12594
ybenderbal,Barakacity,12594
ybenderbal,YASMINAREBEL,12594
ybenderbal,AgatheNRV,12594
KarimaB_,Linformatrice,13045
KarimaB_,opFethi,13045
KarimaB_,oxymorus,13045
KarimaB_,ahenjar,13045
KarimaB_,RafikBiff,13045
KarimaB_,Campagnebds,13045
KarimaB_,s_assbague,13045
KarimaB_,ybenderbal,13045
KarimaB_,pauldraszen,13045
KarimaB_,MadjidFalastine,13045
Linformatrice,KarimaB_,22067
Linformatrice,oxymorus,22067
Campagnebds,KarimaB_,4635
Campagnebds,s_assbague,4635
jeremo12,BenLevyCohen,21347
jeremo12,fredussart,21347
jeremo12,EladRatson,21347
jeremo12,FinDesTemps,21347
MadjidFalastine,KarimaB_,2748
MadjidFalastine,Linformatrice,2748
MadjidFalastine,opFethi,2748
MadjidFalastine,oxymorus,2748
MadjidFalastine,Alkanz,2748
MadjidFalastine,Campagnebds,2748
MadjidFalastine,s_assbague,2748
MadjidFalastine,ybenderbal,2748
MadjidFalastine,FinDesTemps,2748
MadjidFalastine,YASMINAREBEL,2748
MadjidFalastine,AgatheNRV,2748
Barakacity,mouadibun,40855
Barakacity,Alkanz,40855
Barakacity,ybenderbal,40855
pauldraszen,Linformatrice,1199
pauldraszen,Alkanz,1199
pauldraszen,Campagnebds,1199
oxymorus,KarimaB_,3047
oxymorus,Linformatrice,3047
oxymorus,MadjidFalastine,3047
s_assbague,KarimaB_,7265
s_assbague,Alkanz,7265
s_assbague,ahenjar,7265
s_assbague,Campagnebds,7265
s_assbague,ybenderbal,7265
s_assbague,MadjidFalastine,7265
s_assbague,YASMINAREBEL,7265
Alkanz,opFethi,32831
Alkanz,s_assbague,32831
Alkanz,Barakacity,32831
Alkanz,YASMINAREBEL,32831
YASMINAREBEL,KarimaB_,728
YASMINAREBEL,Linformatrice,728
YASMINAREBEL,mouadibun,728
YASMINAREBEL,oxymorus,728
YASMINAREBEL,Alkanz,728
YASMINAREBEL,RafikBiff,728
YASMINAREBEL,Campagnebds,728
YASMINAREBEL,s_assbague,728
YASMINAREBEL,ybenderbal,728
YASMINAREBEL,pauldraszen,728
YASMINAREBEL,MadjidFalastine,728
YASMINAREBEL,Barakacity,728
YASMINAREBEL,AgatheNRV,728
EladRatson,BenLevyCohen,18845
EladRatson,jeremo12,18845
opFethi,KarimaB_,1344
opFethi,keyzer_usual,1344
opFethi,Dajjalsystem,1344
opFethi,Linformatrice,1344
opFethi,mouadibun,1344
opFethi,Alkanz,1344
opFethi,ahenjar,1344
opFethi,RafikBiff,1344
opFethi,amilcarhanniba1,1344
opFethi,yanisssou,1344
opFethi,LILTIKKIB,1344
opFethi,ybenderbal,1344
opFethi,MadjidFalastine,1344
